,Uber Type,Origin Region,Destination Region,Origin Latitude,Origin Longitude,Destination Latitude,Destination Longitude,Journey Distance(m),Departure Date,Departure Time,Travel Time(s),Arrival Time,Fare$
ID5782725870,2,4,2,-37.8156898,145.0068825,-37.8214965,144.93573490000003,7032.0,2018-07-06,05:43:16,1840.26,06:13:56,198.42
ID3872742019,1,4,9,-37.811876299999994,145.01492549999998,-38.1109156,144.65417250000002,48263.0,2018-03-16,14:01:59,11702.7,17:17:01,65.99
ID3700699553,1,7,6,-37.8618349,144.90571599999998,-37.773845,144.9836895,13169.0,2018-04-03,07:52:56,3863.58,08:57:19,24.1
ID1727448681,0,3,7,-37.8153385,144.9951358,-37.8618349,144.90571599999998,10407.0,2018-05-08,17:17:40,3316.62,18:12:56,15.52
ID1181621404,0,8,3,-37.807202000000004,145.0266373,-37.82472070000001,144.9827064,5855.0,2018-03-12,04:24:35,1440.66,04:48:35,14.63
ID1294883281,0,9,8,-38.1109156,144.65417250000002,-37.807202000000004,145.0266373,49777.0,2018-06-05,10:06:19,12099.66,13:27:58,25.65
ID1411110292,0,8,6,-37.8158343,145.04645,-37.7738026,144.98364660000001,13562.0,2018-03-26,07:52:01,4192.26,09:01:53,11.32
ID5130209213,2,2,8,-37.8174578,144.9527271,-37.807202000000004,145.0266373,7571.0,2018-04-04,13:39:29,1759.26,14:08:48,182.67
ID5339349329,2,4,2,-37.810919299999995,144.99705419999998,-37.821029700000004,144.943017,5310.0,2018-06-04,22:04:49,1246.56,22:25:35,146.93
ID1361813463,0,2,3,-37.815493599999996,144.93880890000003,-37.81383710000001,144.98873989999998,5177.0,2018-06-16,19:13:27,1314.36,19:35:21,13.62
ID3952263553,1,2,9,-37.8264748,144.9516952,-38.1109156,144.65417250000002,42863.0,2018-02-21,12:56:46,10360.32,15:49:26,58.88
ID3216773762,1,9,4,-38.1109156,144.65417250000002,-37.808083399999994,145.0088378,48011.0,2018-02-23,10:41:16,11575.68,13:54:11,60.73
ID5282666036,2,7,4,-37.8618349,144.90571599999998,-37.80253629999999,145.015988,13848.0,2018-02-23,10:48:48,4343.76,12:01:11,407.85
ID3472540473,1,4,2,-37.8043117,144.99474850000001,-37.812979600000006,144.9336409,7006.0,2018-06-16,13:20:03,1784.76,13:49:47,22.13
ID3172357643,1,6,8,-37.7738026,144.98364660000001,-37.8158343,145.04645,13562.0,2018-05-19,06:17:42,4213.56,07:27:55,30.96
ID1169322017,0,1,3,-37.8119421,144.9594111,-37.8284503,144.9847348,3322.0,2018-06-27,12:13:28,798.84,12:26:46,10.66
ID1888727191,0,9,7,-38.1109156,144.65417250000002,-37.8618349,144.90571599999998,50797.0,2018-04-26,17:18:33,13204.98,20:58:37,29.95
ID1666798418,0,8,1,-37.8158343,145.04645,-37.8092876,144.9573348,8018.0,2018-04-04,20:29:59,2308.44,21:08:27,12.36
ID3376115339,1,7,4,-37.8618349,144.90571599999998,-37.8054952,144.9978162,11282.0,2018-04-15,07:38:55,3648.18,08:39:43,28.19
ID3931599429,1,6,2,-37.7874325,144.9803767,-37.8124386,144.9363711,6057.0,2018-02-10,05:55:28,1544.88,06:21:12,26.29
ID3288804133,1,5,2,-37.8147958,144.92705790000002,-37.813477899999995,144.9399069,2380.0,2018-02-09,14:41:54,603.9,14:51:57,14.47
ID1376039217,0,4,3,-37.8055058,144.99788600000002,-37.8168529,144.9953284,1441.0,2018-01-25,18:05:37,369.48,18:11:46,10.62
ID1748506237,0,7,2,-37.8618349,144.90571599999998,-37.8255234,144.9482495,8798.0,2018-07-06,16:40:15,2984.4,17:29:59,14.56
ID3212830123,1,3,5,-37.8233739,144.97874380000002,-37.800847600000004,144.9347748,7666.0,2018-07-18,19:57:29,1997.82,20:30:46,18.53
ID5296460039,2,7,5,-37.8618349,144.90571599999998,-37.80162979999999,144.9211476,12154.0,2018-03-03,10:57:16,3781.8,12:00:17,363.69
ID1198356327,0,5,9,-37.7999149,144.93632649999998,-38.1109156,144.65417250000002,46149.0,2018-06-15,00:51:48,11104.08,03:56:52,31.97
ID1856758515,0,1,2,-37.8057963,144.9646323,-37.823658200000004,144.94329209999998,3719.0,2018-07-28,08:50:39,925.86,09:06:04,8.28
ID3443279287,1,6,5,-37.7738026,144.98364660000001,-37.8089572,144.9286705,9955.0,2018-07-03,22:52:17,2833.32,23:39:30,29.4
ID5331513093,2,9,6,-38.1109156,144.65417250000002,-37.7907967,144.985865,47193.0,2018-07-09,15:21:36,11536.02,18:33:51,1073.08
ID5557635122,2,7,3,-37.8618349,144.90571599999998,-37.8215657,144.9805243,8702.0,2018-01-11,03:47:07,2908.56,04:35:35,298.21
ID5893194100,2,1,6,-37.8066912,144.97079490000002,-37.7907967,144.985865,2845.0,2018-05-18,05:49:24,801.36,06:02:45,105.35
ID1335858119,0,6,2,-37.7874325,144.9803767,-37.82286920000001,144.9393981,6691.0,2018-03-05,20:21:51,1765.86,20:51:16,10.52
ID3340514255,1,2,7,-37.8096741,144.9365179,-37.8618349,144.90571599999998,10502.0,2018-01-04,03:19:42,3414.78,04:16:36,30.8
ID1739551139,0,2,3,-37.8159987,144.938331,-37.8176985,144.9692462,3604.0,2018-01-15,10:40:37,862.14,10:54:59,4.81
ID1635962344,0,1,7,-37.80444,144.9431654,-37.8618349,144.90571599999998,10206.0,2018-01-23,05:59:51,3355.74,06:55:46,16.59
ID1146015031,0,7,4,-37.8618349,144.90571599999998,-37.8134029,145.00250659999998,11227.0,2018-02-18,21:38:37,3572.28,22:38:09,21.21
ID3802835477,1,9,8,-38.1109156,144.65417250000002,-37.8158343,145.04645,51032.0,2018-05-11,08:54:17,12681.06,12:25:38,64.26
ID3196167080,1,3,5,-37.80976210000001,144.97591,-37.8149648,144.92756630000002,5983.0,2018-01-17,21:53:56,1509.6,22:19:05,21.18
ID1256594373,0,5,4,-37.8056732,144.9368923,-37.8142662,145.0110929,7143.0,2018-03-28,14:55:59,1819.68,15:26:18,9.95
ID3846471166,1,4,3,-37.8079403,145.00879650000002,-37.81878579999999,145.0038714,1570.0,2018-03-06,16:07:18,394.68,16:13:52,11.68
ID3803538129,1,8,2,-37.807202000000004,145.0266373,-37.816894,144.9491465,7974.0,2018-06-09,02:06:12,1885.62,02:37:37,28.06
ID1276948617,0,9,1,-38.1109156,144.65417250000002,-37.799102600000005,144.9633821,44745.0,2018-01-16,02:13:12,10810.32,05:13:22,31.55
ID1938876745,0,8,5,-37.8158343,145.04645,-37.808521299999995,144.9280532,11399.0,2018-06-15,15:09:29,3214.02,16:03:03,14.5
ID1498723967,0,2,3,-37.815178,144.9366701,-37.8207167,144.9707771,3767.0,2018-03-19,00:41:08,902.28,00:56:10,14.92
ID1964581026,0,7,9,-37.8618349,144.90571599999998,-38.1109156,144.65417250000002,50797.0,2018-04-17,23:51:32,13173.36,03:31:05,34.32
ID1238519439,0,3,4,-37.8164041,144.9709417,-37.8072638,144.9970284,2969.0,2018-02-13,13:06:27,752.16,13:18:59,9.66
ID3208718135,1,2,5,-37.82369310000001,144.9306191,-37.8088511,144.9289451,1938.0,2018-07-06,10:15:29,582.6,10:25:11,8.1
ID3688518251,1,1,5,-37.811398499999996,144.97288989999998,-37.815016899999996,144.9276057,5500.0,2018-01-03,21:22:23,1359.18,21:45:02,21.19
ID1612081578,0,3,5,-37.8247138,144.9847144,-37.7995098,144.93537769999998,7723.0,2018-06-28,06:45:56,1655.1,07:13:31,7.1
ID5435148991,2,5,7,-37.799456400000004,144.9350124,-37.8618349,144.90571599999998,12923.0,2018-05-06,03:25:31,4087.5,04:33:38,412.17
ID3206639841,1,5,5,-37.80530220000001,144.93480549999998,-37.814825899999995,144.9270956,3448.0,2018-06-12,10:45:48,847.62,10:59:55,9.53
ID5308559559,2,5,1,-37.805072499999994,144.9277251,-37.805044,144.96328280000003,3514.0,2018-02-03,20:30:49,976.56,20:47:05,117.07
ID3603997981,1,7,1,-37.8618349,144.90571599999998,-37.813438899999994,144.9562177,8669.0,2018-04-05,04:45:07,2972.52,05:34:39,29.89
ID3318743309,1,2,6,-37.8212245,144.9475376,-37.773845,144.9836895,6974.0,2018-01-05,04:58:36,1541.28,05:24:17,23.41
ID1688234758,0,2,7,-37.813996200000005,144.9329345,-37.8618349,144.90571599999998,11227.0,2018-02-10,20:47:15,3681.18,21:48:36,17.99
ID5555236916,2,4,8,-37.8195384,145.00887959999997,-37.8158343,145.04645,4223.0,2018-06-14,09:54:13,1357.92,10:16:50,136.28
ID3777163938,1,3,9,-37.8133892,144.9716283,-38.1109156,144.65417250000002,44210.0,2018-05-10,12:22:19,10618.8,15:19:17,61.82
ID3270794121,1,8,1,-37.8158343,145.04645,-37.8187402,144.9679507,7532.0,2018-03-10,06:10:45,2244.36,06:48:09,19.44
ID3778127373,1,5,6,-37.8030057,144.93571369999998,-37.7907967,144.985865,6627.0,2018-03-06,22:16:38,1856.76,22:47:34,22.98
ID3299329013,1,4,2,-37.80238320000001,144.9885101,-37.8201061,144.95060959999998,4542.0,2018-04-11,08:35:58,1092.84,08:54:10,10.53
ID1976823177,0,3,4,-37.8133132,144.9737721,-37.81497529999999,145.0045748,3097.0,2018-01-07,06:18:57,779.4,06:31:52,8.77
ID3745707287,1,3,5,-37.813925,144.9830509,-37.8000152,144.935183,7072.0,2018-04-23,10:22:24,1793.1,10:52:17,13.16
ID3130515704,1,9,1,-38.1109156,144.65417250000002,-37.8060498,144.97425959999998,44757.0,2018-02-20,03:22:39,10810.14,06:22:49,68.31
ID3342358813,1,1,2,-37.8055089,144.9431064,-37.8219919,144.9497507,2165.0,2018-07-21,23:17:35,560.04,23:26:55,22.37
ID1769989558,0,2,6,-37.823628799999994,144.9431858,-37.7874325,144.9803767,6374.0,2018-07-12,01:54:56,1693.98,02:23:09,14.79
ID1346174972,0,4,1,-37.811922700000004,145.00999299999998,-37.8146652,144.957788,5018.0,2018-01-17,01:16:55,1253.46,01:37:48,13.8
ID3887282524,1,2,9,-37.819207,144.94637980000002,-38.1109156,144.65417250000002,41645.0,2018-03-01,19:32:52,10006.14,22:19:38,59.28
ID1760855901,0,4,2,-37.8165343,145.0089471,-37.822107,144.9383885,6933.0,2018-07-15,04:12:04,1809.72,04:42:13,18.22
ID1539314738,0,9,7,-38.1109156,144.65417250000002,-37.8618349,144.90571599999998,50797.0,2018-05-15,20:07:42,13204.98,23:47:46,32.88
ID5503446561,2,5,7,-37.805845899999994,144.9274603,-37.8618349,144.90571599999998,11360.0,2018-02-12,08:41:51,3614.52,09:42:05,341.48
ID3265027718,1,2,3,-37.818954,144.9432642,-37.82325720000001,144.9703207,3000.0,2018-06-11,03:13:39,858.96,03:27:57,19.56
ID3280892087,1,5,1,-37.8029724,144.9291375,-37.815726299999994,144.9581669,3283.0,2018-07-26,02:13:08,799.8,02:26:27,18.6
ID1627024857,0,7,4,-37.8618349,144.90571599999998,-37.8154703,145.00890230000002,11706.0,2018-01-28,09:07:44,3670.32,10:08:54,15.7
ID1500631848,0,1,4,-37.802901,144.95502130000003,-37.8026593,145.016216,6548.0,2018-07-11,02:48:16,1738.74,03:17:14,14.77
ID1561110272,0,7,9,-37.8618349,144.90571599999998,-38.1109156,144.65417250000002,50797.0,2018-03-21,11:46:08,13173.36,15:25:41,27.17
ID5828332127,2,2,3,-37.818070500000005,144.94879,-37.8209309,144.9765848,2936.0,2018-07-01,03:45:23,714.12,03:57:17,103.77
ID3540323310,1,8,2,-37.8158343,145.04645,-37.8110439,144.9380628,10002.0,2018-06-24,13:14:28,2805.72,14:01:13,27.44
ID3302875638,1,5,1,-37.80503,144.9307406,-37.8081885,144.9600269,3332.0,2018-04-04,23:57:31,809.58,00:11:00,18.19
ID3282653153,1,6,5,-37.7874421,144.9804091,-37.805121899999996,144.9261401,6905.0,2018-05-05,07:35:06,1870.02,08:06:16,18.57
ID1857704813,0,7,9,-37.8618349,144.90571599999998,-38.1109156,144.65417250000002,50797.0,2018-01-17,18:00:34,13173.36,21:40:07,32.35
ID3519512054,1,2,9,-37.81754829999999,144.9465439,-38.1109156,144.65417250000002,41703.0,2018-07-01,08:06:36,10039.5,10:53:55,58.2
ID3157716181,1,8,7,-37.8158343,145.04645,-37.8618349,144.90571599999998,15151.0,2018-07-12,08:12:03,4917.48,09:34:00,28.63
ID3705999485,1,9,2,-38.1109156,144.65417250000002,-37.8127899,144.9398626,42411.0,2018-07-01,00:09:58,10168.44,02:59:26,69.7
ID3617534442,1,6,9,-37.7874325,144.9803767,-38.1109156,144.65417250000002,47033.0,2018-05-28,20:43:10,11350.5,23:52:20,67.32
ID3765238051,1,3,4,-37.8230924,144.97493390000002,-37.8010903,144.99511,4006.0,2018-06-20,02:43:53,991.26,03:00:24,21.09
ID5692194670,2,4,6,-37.8107694,145.01276130000002,-37.7874421,144.9804091,5596.0,2018-06-14,06:05:47,1412.94,06:29:19,141.68
ID1363094316,0,5,4,-37.809847600000005,144.9287891,-37.814713,145.0060753,7614.0,2018-06-21,22:14:35,1903.8,22:46:18,17.08
ID5888272967,2,6,3,-37.773845,144.9836895,-37.8194959,144.9848817,6190.0,2018-04-04,13:24:03,1318.32,13:46:01,142.88
ID5674195746,2,7,6,-37.8618349,144.90571599999998,-37.7738026,144.98364660000001,16033.0,2018-01-01,07:53:28,5320.68,09:22:08,497.72
ID3712075946,1,7,4,-37.8618349,144.90571599999998,-37.8111528,144.9970476,10693.0,2018-06-18,15:46:26,3513.84,16:44:59,26.08
ID1604557943,0,5,2,-37.806118299999994,144.93421419999999,-37.8134207,144.9358374,1632.0,2018-02-26,22:39:44,393.06,22:46:17,13.7
ID5986426702,2,2,2,-37.8180778,144.95282859999998,-37.8206516,144.9486218,2533.0,2018-04-02,20:13:43,591.3,20:23:34,76.06
ID3858093624,1,6,7,-37.7907967,144.985865,-37.8618349,144.90571599999998,11711.0,2018-06-05,20:52:05,3866.94,21:56:31,27.65
ID1850362009,0,1,6,-37.8076461,144.9546008,-37.7738026,144.98364660000001,8248.0,2018-07-21,03:54:49,2605.98,04:38:14,19.02
ID3474063808,1,4,2,-37.802294,144.990587,-37.820485299999994,144.9496384,4842.0,2018-01-21,20:10:43,1324.14,20:32:47,20.7
ID1306359610,0,6,3,-37.7907967,144.985865,-37.8120579,144.97395759999998,3059.0,2018-06-06,19:37:42,873.0,19:52:15,10.47
ID1489427783,0,6,7,-37.773845,144.9836895,-37.8618349,144.90571599999998,13169.0,2018-02-06,01:48:47,3866.46,02:53:13,19.83
ID1342887991,0,7,2,-37.8618349,144.90571599999998,-37.8122037,144.9381195,10874.0,2018-06-19,23:39:01,3511.08,00:37:32,19.09
ID3252088271,1,1,5,-37.820523,144.9657444,-37.8019417,144.9269155,4754.0,2018-02-11,20:21:49,1088.7,20:39:57,19.82
ID5255287155,2,4,2,-37.8145067,144.99993519999998,-37.8180912,144.94687869999998,5378.0,2018-05-19,09:48:44,1392.96,10:11:56,147.87
ID3815966155,1,7,5,-37.8618349,144.90571599999998,-37.806442,144.93223490000003,10995.0,2018-07-01,23:52:19,3516.48,00:50:55,35.88
ID3773696942,1,9,2,-38.1109156,144.65417250000002,-37.818102200000006,144.94857290000002,41884.0,2018-03-23,21:37:36,10057.38,00:25:13,62.01
ID3823548282,1,4,2,-37.8165214,145.01245219999998,-37.8147461,144.9360479,7762.0,2018-06-28,15:32:38,1909.44,16:04:27,18.61
ID1589880806,0,1,2,-37.8021231,144.96985990000002,-37.8158801,144.9369481,3755.0,2018-01-21,18:30:43,919.26,22:09:27,12.74
ID3910215703,1,4,6,-37.8125914,145.0122258,-37.7907967,144.985865,4658.0,2018-07-24,20:34:13,1288.44,00:03:01,16.82
ID3370630761,1,8,2,-37.807202000000004,145.0266373,-37.823289700000004,144.9399679,9041.0,2018-02-12,20:44:25,2300.94,21:22:45,19.8
ID1747501361,0,8,9,-37.807202000000004,145.0266373,-38.1109156,144.65417250000002,49777.0,2018-04-25,11:33:43,12069.78,14:53:59,25.04
ID5721998014,2,4,3,-37.8119045,145.0035363,-37.8109307,144.9767106,2521.0,2018-03-10,09:52:07,617.34,10:02:24,74.61
ID3975639893,1,5,3,-37.8044679,144.93885880000002,-37.824296399999994,144.98432419999997,5424.0,2018-01-23,20:40:04,1369.14,21:02:53,17.47
ID5804403379,2,7,6,-37.8618349,144.90571599999998,-37.7907967,144.985865,11711.0,2018-06-25,01:38:38,3859.8,02:42:57,384.9
ID3246894363,1,4,9,-37.8003651,144.9984285,-38.1109156,144.65417250000002,47477.0,2018-02-07,05:04:29,11509.86,08:16:18,70.41
ID1666149923,0,9,4,-38.1109156,144.65417250000002,-37.815090600000005,145.0060096,47546.0,2018-04-23,13:56:03,11427.12,17:06:26,27.53
ID5524587480,2,9,3,-38.1109156,144.65417250000002,-37.8156831,144.9721419,44267.0,2018-02-27,10:47:52,10605.42,16:37:18,979.7
ID3669496639,1,2,4,-37.824418200000004,144.94836899999999,-37.8024286,144.99854309999998,5787.0,2018-06-18,06:23:10,1570.62,06:49:20,12.68
ID1880179071,0,1,1,-37.812534899999996,144.94343909999998,-37.8197302,144.96825230000002,2953.0,2018-05-12,02:46:23,701.28,07:00:16,13.85
ID3223434128,1,7,2,-37.8618349,144.90571599999998,-37.8184938,144.94421430000003,9696.0,2018-07-19,04:06:57,3309.12,04:30:01,31.11
ID3416807353,1,2,5,-37.813309600000004,144.937523,-37.810149200000005,144.93203789999998,889.0,2018-04-06,23:53:12,230.94,02:11:13,15.64
ID1721056274,0,7,1,-37.8618349,144.90571599999998,-37.802478,144.9448704,10305.0,2018-02-02,23:57:52,3381.18,00:54:13,16.79
ID3711885429,1,3,5,-37.8121951,144.9738711,-37.8057114,144.93090039999998,4429.0,2018-05-07,10:15:19,1152.72,14:22:01,10.49
ID3237261404,1,4,3,-37.8065438,145.0107074,-37.8152227,144.9712459,4340.0,2018-03-16,18:19:59,1122.36,18:38:41,14.25
ID5153364275,2,4,2,-37.8048737,145.0036689,-37.8100335,144.93596000000002,7406.0,2018-03-20,14:35:52,1880.4,19:54:45,194.35
ID3279597136,1,5,4,-37.798871399999996,144.9198335,-37.8087653,144.9961892,7514.0,2018-03-11,02:27:44,1884.72,05:23:28,27.81
ID1217081647,0,7,6,-37.8618349,144.90571599999998,-37.7738026,144.98364660000001,16033.0,2018-01-14,09:38:24,5320.68,11:07:04,14.79
ID3439853165,1,1,7,-37.8103078,144.9613409,-37.8618349,144.90571599999998,8494.0,2018-07-12,08:26:18,2895.0,09:14:33,18.33
ID1112171625,0,3,1,-37.8120936,144.9886721,-37.8023972,144.96335980000003,2914.0,2018-01-24,12:52:27,710.4,13:04:17,8.89
ID3972299679,1,7,4,-37.8618349,144.90571599999998,-37.8028201,144.9956864,11303.0,2018-03-17,19:52:44,3706.2,20:54:30,33.61
ID5547150571,2,9,5,-38.1109156,144.65417250000002,-37.8038491,144.9181006,44888.0,2018-02-22,16:40:30,10896.48,19:42:06,1014.89
ID1903413329,0,5,7,-37.8043845,144.93008469999998,-37.8618349,144.90571599999998,11422.0,2018-06-17,10:55:52,3689.46,11:57:21,13.9
ID1449739711,0,8,3,-37.807202000000004,145.0266373,-37.81518320000001,144.9713804,5875.0,2018-02-04,16:26:51,1452.6,16:51:03,13.67
ID1493302624,0,2,9,-37.8099179,144.93604119999998,-38.1109156,144.65417250000002,42803.0,2018-03-09,14:58:58,10249.62,17:49:47,24.25
ID1913192618,0,4,8,-37.809295,145.0017436,-37.807202000000004,145.0266373,2953.0,2018-05-27,16:14:21,716.4,16:26:17,13.15
ID1230164522,0,5,7,-37.8059281,144.93895859999998,-37.8618349,144.90571599999998,10586.0,2018-03-04,20:41:13,3508.44,21:39:41,17.4
ID1500354192,0,4,9,-37.8131361,145.01144680000002,-38.1109156,144.65417250000002,48170.0,2018-05-18,15:03:47,11577.3,18:16:44,28.54
ID1699565211,0,5,9,-37.8187144,144.91674609999998,-38.1109156,144.65417250000002,44674.0,2018-02-10,18:50:52,10816.14,21:51:08,28.58
ID1547677311,0,2,9,-37.824437200000006,144.9425415,-38.1109156,144.65417250000002,42628.0,2018-05-03,03:34:45,10257.84,06:25:42,27.61
ID3115352125,1,2,4,-37.8134054,144.9385376,-37.8040971,144.99548969999998,5775.0,2018-01-18,07:31:21,1491.06,07:56:12,11.58
ID3532423724,1,4,3,-37.8055456,144.99921730000003,-37.809255799999995,144.9915114,2525.0,2018-03-07,19:27:45,733.98,19:39:58,15.2
ID1835834612,0,7,6,-37.8618349,144.90571599999998,-37.7907967,144.985865,11711.0,2018-07-06,22:52:36,3859.8,23:56:55,18.18
ID1155971188,0,6,7,-37.7907967,144.985865,-37.8618349,144.90571599999998,11711.0,2018-05-11,21:01:53,3866.94,22:06:19,19.9
ID1815359830,0,6,5,-37.7874421,144.9804091,-37.8042012,144.9279658,6629.0,2018-05-10,22:46:57,1828.62,23:17:25,14.97
ID1120319255,0,8,5,-37.8158343,145.04645,-37.802525,144.9270871,10786.0,2018-06-15,02:13:52,3053.88,03:04:45,17.55
ID1630814773,0,1,7,-37.8008381,144.97244560000001,-37.8618349,144.90571599999998,10036.0,2018-04-18,19:01:53,3306.18,19:56:59,15.48
ID5890356067,2,6,3,-37.7874421,144.9804091,-37.8117628,144.985371,3341.0,2018-06-14,00:05:07,846.42,00:19:13,108.25
ID1450171387,0,8,2,-37.8158343,145.04645,-37.8148679,144.9350931,10228.0,2018-01-03,00:39:32,2853.12,01:27:05,19.83
ID1461447820,0,9,4,-38.1109156,144.65417250000002,-37.8139908,145.00727890000002,47743.0,2018-01-13,01:21:41,11419.32,04:32:00,35.24
ID3833685323,1,3,4,-37.8164427,144.98395119999998,-37.806670200000006,144.9979316,2311.0,2018-02-05,06:22:15,571.44,06:31:46,7.38
ID3423715542,1,9,6,-38.1109156,144.65417250000002,-37.7874421,144.9804091,47035.0,2018-02-27,19:20:41,11413.26,22:30:54,64.32
ID3840085915,1,3,9,-37.8241825,144.980334,-38.1109156,144.65417250000002,45255.0,2018-03-20,23:33:05,10923.18,02:35:08,68.73
ID3452356250,1,3,8,-37.8144084,144.9715494,-37.8158343,145.04645,7071.0,2018-03-28,23:05:22,2074.62,23:39:56,24.5
ID5561048249,2,5,2,-37.806713099999996,144.9326503,-37.8133524,144.938444,1682.0,2018-03-07,07:38:02,420.06,07:45:02,50.75
ID1761422718,0,6,4,-37.773845,144.9836895,-37.8041384,145.0021403,6410.0,2018-04-11,14:41:06,1387.68,15:04:13,10.18
ID1503321743,0,4,6,-37.8017477,145.01116090000002,-37.7908183,144.9857929,3381.0,2018-05-05,12:03:06,867.9,12:17:33,12.21
ID3357636092,1,9,8,-38.1109156,144.65417250000002,-37.8158343,145.04645,51032.0,2018-01-08,06:01:34,12681.06,09:32:55,64.99
ID1784517371,0,4,1,-37.8035393,144.9944731,-37.8038433,144.9533741,4083.0,2018-01-22,05:41:08,1007.82,05:57:55,14.95
ID1417515871,0,7,5,-37.8618349,144.90571599999998,-37.8052299,144.9369713,10702.0,2018-01-27,01:03:45,3483.72,02:01:48,20.04
ID1359151538,0,3,4,-37.81417570000001,144.9854437,-37.8012467,144.9900561,1702.0,2018-04-10,18:23:37,454.02,18:31:11,9.86
ID3775932006,1,6,4,-37.7874421,144.9804091,-37.8139908,145.00727890000002,5219.0,2018-04-08,21:08:11,1370.52,21:31:01,27.61
ID3344474614,1,5,2,-37.8043054,144.9420045,-37.825471,144.92908119999998,7544.0,2018-05-10,14:34:34,1822.74,15:04:56,18.44
ID3879796832,1,9,2,-38.1109156,144.65417250000002,-37.818847600000005,144.95338830000003,42451.0,2018-02-05,06:57:03,10220.88,09:47:23,52.4
ID3551418058,1,1,6,-37.8221923,144.96805849999998,-37.773845,144.9836895,6028.0,2018-01-20,23:42:55,1350.48,00:05:25,23.72
ID3991763530,1,7,5,-37.8618349,144.90571599999998,-37.8187646,144.9164875,11659.0,2018-02-11,05:31:29,3838.98,06:35:27,39.39
ID3347966837,1,2,9,-37.8149205,144.9447554,-38.1109156,144.65417250000002,41920.0,2018-03-10,06:00:23,10085.76,08:48:28,58.2
ID1370080670,0,4,3,-37.8007,144.99262140000002,-37.810606799999995,144.98874640000003,1327.0,2018-05-20,06:01:03,361.86,06:07:04,8.05
ID5884219164,2,5,4,-37.8079541,144.9336726,-37.812523299999995,145.0103223,7203.0,2018-07-11,23:57:54,1779.0,00:27:33,190.42
ID1908971165,0,6,4,-37.7874421,144.9804091,-37.805206899999995,144.9945958,3293.0,2018-07-17,05:02:55,835.08,05:16:50,13.22
ID3241246379,1,9,7,-38.1109156,144.65417250000002,-37.8618349,144.90571599999998,50797.0,2018-02-05,08:45:52,13204.98,12:25:56,68.4
ID3378147864,1,4,6,-37.8104827,145.0089843,-37.7874325,144.9803767,5124.0,2018-04-11,07:52:17,1313.22,08:14:10,13.41
ID3403659463,1,8,3,-37.8158343,145.04645,-37.8094804,144.9744559,6514.0,2018-07-11,04:46:57,1919.52,05:18:56,25.28
ID1160494870,0,6,1,-37.7907967,144.985865,-37.8031679,144.9734487,2333.0,2018-07-06,16:50:40,730.92,17:02:50,9.78
ID1433128612,0,3,1,-37.8157742,144.969369,-37.8007885,144.9570861,2241.0,2018-02-16,21:10:10,576.9,21:19:46,14.39
ID3847454938,1,9,7,-38.1109156,144.65417250000002,-37.8618349,144.90571599999998,50797.0,2018-05-18,19:46:30,13204.98,23:26:34,72.53
ID3915042049,1,7,3,-37.8618349,144.90571599999998,-37.8226117,144.9848055,9283.0,2018-07-06,18:52:43,3096.96,19:44:19,26.28
ID1498407653,0,7,8,-37.8618349,144.90571599999998,-37.807202000000004,145.0266373,13986.0,2018-07-22,23:35:42,4292.4,00:47:14,22.18
ID1333627461,0,2,5,-37.8134636,144.9411155,-37.803422499999996,144.9386034,1754.0,2018-04-19,06:10:02,398.1,06:16:40,5.34
ID1356307030,0,8,1,-37.807202000000004,145.0266373,-37.8121667,144.9622267,6412.0,2018-03-11,12:30:13,1609.5,12:57:02,13.74
ID3895389231,1,5,7,-37.805919,144.9392258,-37.8618349,144.90571599999998,10563.0,2018-07-26,03:47:03,3517.44,04:45:40,32.81
ID1151387133,0,2,1,-37.816098499999995,144.92875800000002,-37.80975120000001,144.9728269,5268.0,2018-06-22,13:15:11,1340.58,13:37:31,9.95
ID1551359859,0,6,1,-37.7738026,144.98364660000001,-37.820262,144.9688492,8622.0,2018-02-28,10:41:43,2740.26,11:27:23,8.7
ID1676517030,0,3,2,-37.825848799999996,144.9792724,-37.821482700000004,144.945538,3570.0,2018-01-12,22:44:57,906.06,23:00:03,13.55
ID3781408976,1,9,3,-38.1109156,144.65417250000002,-37.82013679999999,144.98441359999998,45559.0,2018-02-01,22:52:20,10964.34,01:55:04,68.62
ID1864066169,0,4,7,-37.804375799999995,145.0136079,-37.8618349,144.90571599999998,12852.0,2018-06-08,21:15:10,4126.56,22:23:56,18.51
ID3373618238,1,8,4,-37.8158343,145.04645,-37.8087302,145.004482,4007.0,2018-07-04,10:38:26,1314.54,11:00:20,12.23
ID1605274389,0,2,4,-37.817893700000006,144.93305149999998,-37.816200200000004,145.0019613,6969.0,2018-04-14,00:26:56,1746.36,00:56:02,17.93
ID3707749876,1,1,2,-37.7993717,144.9579071,-37.8096741,144.9365179,2921.0,2018-02-11,15:57:42,719.28,16:09:41,16.72
ID1691314579,0,4,8,-37.8059765,145.01378,-37.8158343,145.04645,4116.0,2018-04-18,17:37:50,1304.64,17:59:34,11.51
ID3885147179,1,6,5,-37.7738026,144.98364660000001,-37.8093814,144.9317534,9711.0,2018-02-03,16:19:59,2770.68,17:06:09,27.79
ID1728131578,0,1,6,-37.8089317,144.9489188,-37.7907967,144.985865,5104.0,2018-03-01,02:54:02,1431.48,03:17:53,13.7
ID1244974751,0,3,7,-37.8235821,144.9879799,-37.8618349,144.90571599999998,9371.0,2018-06-10,05:26:21,3064.8,06:17:25,21.16
ID1610666528,0,5,8,-37.806523,144.9377701,-37.807202000000004,145.0266373,8515.0,2018-01-04,06:09:08,2243.1,06:45:55,7.69
ID3530657344,1,2,3,-37.8097539,144.9387773,-37.8163999,144.98515759999998,5195.0,2018-07-11,20:45:43,1185.78,21:05:28,16.26
ID3981299337,1,5,2,-37.805049100000005,144.925635,-37.8148844,144.93768269999998,1987.0,2018-02-26,06:05:12,496.68,06:13:28,7.82
ID1120144959,0,1,7,-37.803658899999995,144.962961,-37.8618349,144.90571599999998,9450.0,2018-01-25,21:43:32,3147.9,22:35:59,17.47
ID1494537988,0,5,2,-37.806874799999996,144.9375105,-37.8208641,144.9474851,2370.0,2018-02-21,10:30:18,560.52,10:39:38,6.1
ID3553604421,1,1,8,-37.818243100000004,144.96680609999999,-37.8158343,145.04645,7544.0,2018-06-18,15:57:42,2230.32,16:34:52,22.33
ID3154564462,1,9,2,-38.1109156,144.65417250000002,-37.8173564,144.9317596,43198.0,2018-01-25,22:33:19,10368.72,01:26:07,65.85
ID1174933508,0,8,2,-37.807202000000004,145.0266373,-37.81355,144.9377795,8980.0,2018-02-25,13:56:07,2266.68,14:33:53,14.58
ID3506033417,1,2,8,-37.8114352,144.935431,-37.8158343,145.04645,10299.0,2018-06-16,16:38:27,2885.82,17:26:32,29.05
ID1454185524,0,8,1,-37.807202000000004,145.0266373,-37.812155499999996,144.966445,6136.0,2018-04-30,11:52:33,1548.72,12:18:21,11.0
ID1951513354,0,7,8,-37.8618349,144.90571599999998,-37.8158343,145.04645,15151.0,2018-05-02,02:00:55,4911.6,03:22:46,19.61
ID5984965444,2,1,4,-37.8013766,144.9743451,-37.8055058,144.99788600000002,2438.0,2018-02-28,15:26:08,616.56,15:36:24,79.54
ID3992274340,1,8,6,-37.8158343,145.04645,-37.7738026,144.98364660000001,13562.0,2018-03-19,14:21:09,4192.26,15:31:01,29.01
ID3517547269,1,6,7,-37.7874421,144.9804091,-37.8618349,144.90571599999998,11630.0,2018-04-30,10:27:32,3697.02,11:29:09,22.08
ID3371883202,1,6,4,-37.773845,144.9836895,-37.8107072,144.99593180000002,6282.0,2018-02-16,03:00:39,1385.46,03:23:44,22.62
ID3589263735,1,6,8,-37.7874325,144.9803767,-37.8158343,145.04645,8361.0,2018-03-26,07:23:08,2438.22,08:03:46,16.71
ID3335044201,1,8,1,-37.8158343,145.04645,-37.814633799999996,144.96948899999998,7242.0,2018-03-05,11:25:41,2102.46,12:00:43,15.76
ID1871345359,0,3,1,-37.813280400000004,144.984748,-37.8045919,144.9669554,2220.0,2018-04-17,12:33:28,560.52,12:42:48,7.92
ID3353643349,1,2,3,-37.8211126,144.9472811,-37.8203995,144.9848481,3794.0,2018-01-21,16:18:26,910.44,16:33:37,18.3
ID1977135802,0,7,3,-37.8618349,144.90571599999998,-37.8271878,144.99401919999997,10066.0,2018-02-13,19:29:37,3288.36,20:24:25,12.75
ID1274342805,0,4,9,-37.81137879999999,145.00205830000002,-38.1109156,144.65417250000002,47046.0,2018-01-17,16:17:16,11264.04,19:25:00,26.58
ID1829859898,0,1,2,-37.7993218,144.95903090000002,-37.8159285,144.9381575,3103.0,2018-07-27,14:12:56,759.06,14:25:35,9.28
ID1412823068,0,6,9,-37.7874421,144.9804091,-38.1109156,144.65417250000002,47035.0,2018-02-28,13:10:09,11407.86,16:20:16,28.86
ID3632238670,1,7,9,-37.8618349,144.90571599999998,-38.1109156,144.65417250000002,50797.0,2018-07-28,22:03:29,13173.36,01:43:02,83.69
ID3939358832,1,8,2,-37.807202000000004,145.0266373,-37.8215407,144.9449527,8394.0,2018-06-07,03:25:40,2126.58,04:01:06,25.02
ID1880713082,0,7,4,-37.8618349,144.90571599999998,-37.8069808,144.9942382,10813.0,2018-04-30,08:19:59,3556.26,09:19:15,10.21
ID3360678499,1,4,9,-37.8193751,145.0082644,-38.1109156,144.65417250000002,47516.0,2018-02-28,20:45:09,11526.9,23:57:15,65.35
ID3847076226,1,6,7,-37.7874325,144.9803767,-37.8618349,144.90571599999998,11633.0,2018-02-18,05:10:23,3663.78,06:11:26,35.92
ID3660310774,1,5,4,-37.8092777,144.9291463,-37.805603000000005,144.99482790000002,6409.0,2018-03-20,14:37:10,1590.66,15:03:40,20.06
ID5574951722,2,8,7,-37.807202000000004,145.0266373,-37.8618349,144.90571599999998,13986.0,2018-04-10,05:42:13,4298.28,06:53:51,424.37
ID1744469459,0,9,5,-38.1109156,144.65417250000002,-37.8038491,144.9187243,44833.0,2018-02-10,01:06:38,10797.12,04:06:35,33.95
ID5983513751,2,3,6,-37.8224721,144.9828079,-37.7874421,144.9804091,4410.0,2018-07-19,10:06:22,1150.2,10:25:32,118.59
ID1135129065,0,5,4,-37.8152251,144.92756200000002,-37.799398499999995,144.99978049999999,8464.0,2018-01-04,07:33:01,2224.86,08:09:38,8.52
ID1369246026,0,1,5,-37.8174191,144.9655626,-37.8048531,144.9249028,4466.0,2018-05-08,00:05:01,1213.26,00:25:14,13.43
ID5932887978,2,5,7,-37.8044169,144.9295844,-37.8618349,144.90571599999998,11274.0,2018-04-30,13:23:22,3619.92,14:23:41,352.33
ID5625630947,2,8,6,-37.8158343,145.04645,-37.7907967,144.985865,7470.0,2018-02-28,03:05:37,2302.38,03:43:59,249.02
ID1552646833,0,6,5,-37.773845,144.9836895,-37.80390429999999,144.9368881,7638.0,2018-04-30,19:55:03,1674.48,20:22:57,12.48
ID1756750297,0,2,6,-37.8125407,144.9364331,-37.7874325,144.9803767,6044.0,2018-04-22,01:43:37,1536.96,02:09:13,18.49
ID3279701824,1,4,5,-37.8015763,144.9967569,-37.8018706,144.93767830000002,6396.0,2018-04-21,08:06:10,1716.9,08:34:46,16.33
ID1249718200,0,9,1,-38.1109156,144.65417250000002,-37.8119843,144.9533495,42800.0,2018-04-01,03:09:17,10348.98,06:01:45,32.33
ID1564211739,0,2,6,-37.8237269,144.9404042,-37.7738026,144.98364660000001,10889.0,2018-03-27,09:00:44,3222.9,09:54:26,8.94
ID3484415786,1,7,8,-37.8618349,144.90571599999998,-37.807202000000004,145.0266373,13986.0,2018-06-30,01:31:55,4292.4,02:43:27,36.12
ID3111961601,1,9,4,-38.1109156,144.65417250000002,-37.81370510000001,144.99889230000002,47153.0,2018-03-16,19:55:36,11286.78,23:03:42,64.88
ID1607171815,0,3,8,-37.823454,144.9761762,-37.8158343,145.04645,7380.0,2018-06-06,16:29:39,2145.84,17:05:24,11.39
ID3188352583,1,2,7,-37.8209811,144.9473457,-37.8618349,144.90571599999998,8998.0,2018-07-18,03:50:50,3048.78,04:41:38,30.41
ID3446776679,1,9,3,-38.1109156,144.65417250000002,-37.808798200000005,144.98301809999998,45414.0,2018-05-26,17:39:12,10984.62,20:42:16,68.52
ID5318389694,2,2,3,-37.8222715,144.9516282,-37.8248949,144.9828503,3369.0,2018-06-02,10:27:34,817.56,10:41:11,93.82
ID3303133872,1,4,7,-37.8088018,145.0050696,-37.8618349,144.90571599999998,11673.0,2018-01-07,05:25:33,3723.36,06:27:36,37.07
ID5843230046,2,1,7,-37.799167100000005,144.96342909999998,-37.8618349,144.90571599999998,9921.0,2018-07-22,21:15:23,3239.94,22:09:22,332.34
ID3928762462,1,9,5,-38.1109156,144.65417250000002,-37.806386200000006,144.9323324,43564.0,2018-06-01,13:42:23,10435.38,16:36:18,60.67
ID1516824074,0,3,6,-37.823958000000005,144.9825495,-37.7874421,144.9804091,4607.0,2018-06-08,15:04:22,1215.84,15:24:37,10.74
ID1871431506,0,9,7,-38.1109156,144.65417250000002,-37.8618349,144.90571599999998,50797.0,2018-03-07,03:26:41,13204.98,07:06:45,34.45
ID5940757794,2,2,2,-37.8228326,144.9474039,-37.815388299999995,144.9280707,3070.0,2018-05-05,15:15:47,708.06,15:27:35,92.37
ID1126534890,0,4,8,-37.8010408,144.9982112,-37.8158343,145.04645,5443.0,2018-05-14,08:39:26,1664.58,09:07:10,5.04
ID3351781279,1,9,2,-38.1109156,144.65417250000002,-37.8143802,144.9382043,42578.0,2018-02-27,19:20:32,10221.96,22:10:53,58.41
ID1791884878,0,4,6,-37.8142662,145.0110929,-37.7874421,144.9804091,5604.0,2018-01-17,21:07:45,1421.82,21:31:26,13.83
ID1316527975,0,3,4,-37.8118383,144.9753622,-37.812198200000005,145.00032990000003,2467.0,2018-03-11,09:57:12,577.14,10:06:49,9.1
ID1558431579,0,2,7,-37.813342299999995,144.9354927,-37.8618349,144.90571599999998,11010.0,2018-06-03,00:38:46,3564.78,01:38:10,20.95
ID5802665375,2,6,5,-37.7874325,144.9803767,-37.8059381,144.9295269,6973.0,2018-05-12,08:48:48,1869.48,09:19:57,190.04
ID1865850000,0,4,9,-37.801421999999995,144.99514209999998,-38.1109156,144.65417250000002,47108.0,2018-06-22,00:00:38,11379.42,03:10:17,29.04
ID3535281909,1,7,5,-37.8618349,144.90571599999998,-37.8049951,144.9312408,11707.0,2018-03-10,18:40:58,3693.66,19:42:31,32.51
ID1779309565,0,7,8,-37.8618349,144.90571599999998,-37.807202000000004,145.0266373,13986.0,2018-01-17,18:12:24,4292.4,19:23:56,15.46
ID3616138116,1,4,2,-37.802808500000005,144.9949291,-37.8224437,144.9474085,5381.0,2018-07-05,06:18:42,1442.64,06:42:44,10.96
ID3352442996,1,9,7,-38.1109156,144.65417250000002,-37.8618349,144.90571599999998,50797.0,2018-04-04,04:44:00,13204.98,08:24:04,79.12
ID1867671852,0,1,4,-37.8094124,144.95627040000002,-37.8034263,145.0057089,4963.0,2018-05-10,21:42:15,1286.58,22:03:41,13.36
ID1642641843,0,9,2,-38.1109156,144.65417250000002,-37.8159035,144.9215437,44464.0,2018-05-14,19:49:16,10737.24,22:48:13,25.45
ID1631176112,0,9,6,-38.1109156,144.65417250000002,-37.773845,144.9836895,48197.0,2018-04-26,13:26:13,11522.28,16:37:48,27.21
ID1628705430,0,9,7,-38.1109156,144.65417250000002,-37.8618349,144.90571599999998,50797.0,2018-06-09,16:08:31,13204.98,19:48:35,33.33
ID1298132816,0,2,1,-37.819864700000004,144.9525642,-37.8220125,144.96947649999998,1896.0,2018-04-27,23:00:23,451.26,23:07:54,13.26
ID3712963866,1,1,5,-37.8238402,144.9563789,-37.801345700000006,144.9174425,4669.0,2018-05-07,04:25:27,1132.38,04:44:19,20.3
ID5983947060,2,5,4,-37.811035600000004,144.9290744,-37.8137352,145.006257,8112.0,2018-06-01,09:41:22,2090.88,10:16:12,202.69
ID1531994492,0,5,8,-37.814625799999995,144.9281072,-37.8158343,145.04645,11563.0,2018-02-10,02:28:59,3229.02,03:22:48,18.39
ID1442405517,0,8,6,-37.8158343,145.04645,-37.7738026,144.98364660000001,13562.0,2018-03-13,18:52:45,4192.26,20:02:37,14.48
ID1886742363,0,7,2,-37.8618349,144.90571599999998,-37.8179104,144.9462064,9297.0,2018-07-05,03:01:04,3124.86,03:53:08,17.05
ID1802436987,0,3,8,-37.814575399999995,144.98432490000002,-37.8158343,145.04645,6078.0,2018-01-25,23:11:20,1802.1,23:41:22,17.7
ID3250297521,1,2,7,-37.824608500000004,144.94663269999998,-37.8618349,144.90571599999998,8878.0,2018-04-11,23:18:24,3118.2,00:10:22,29.63
ID3710721876,1,7,2,-37.8618349,144.90571599999998,-37.8205187,144.9511189,8648.0,2018-05-15,16:39:26,2948.94,17:28:34,24.92
ID5497837285,2,7,6,-37.8618349,144.90571599999998,-37.7874325,144.9803767,11633.0,2018-01-26,18:40:48,3645.3,19:41:33,353.39
ID3116869985,1,2,8,-37.8164523,144.949172,-37.8158343,145.04645,9124.0,2018-04-11,00:36:09,2521.56,01:18:10,25.68
ID1919727200,0,2,9,-37.8149569,144.9354297,-38.1109156,144.65417250000002,42957.0,2018-06-01,20:20:57,10325.88,23:13:02,25.34
ID5996279170,2,6,9,-37.7738026,144.98364660000001,-38.1109156,144.65417250000002,51061.0,2018-04-19,04:58:24,12976.5,08:34:40,1214.68
ID1136491021,0,2,1,-37.8221797,144.9311455,-37.799913000000004,144.9515033,3844.0,2018-02-13,07:56:23,867.06,08:10:50,6.57
ID3964659273,1,1,4,-37.814080700000005,144.9445408,-37.8113336,145.0086784,5908.0,2018-02-13,14:44:24,1513.62,15:09:37,17.64
ID3669548956,1,3,5,-37.8155739,144.9971507,-37.8035614,144.9181009,7666.0,2018-05-26,07:55:12,1904.1,08:26:56,17.55
ID1520265177,0,9,7,-38.1109156,144.65417250000002,-37.8618349,144.90571599999998,50797.0,2018-03-19,22:02:26,13204.98,01:42:30,35.3
ID5130689209,2,1,7,-37.807198,144.94871519999998,-37.8618349,144.90571599999998,9685.0,2018-03-08,05:42:21,3274.8,06:36:55,331.47
ID1808888417,0,5,9,-37.8083333,144.9351746,-38.1109156,144.65417250000002,43002.0,2018-05-23,04:16:33,10294.86,07:08:07,30.91
ID1858547107,0,2,8,-37.8149372,144.9452921,-37.8158343,145.04645,9131.0,2018-06-26,00:10:50,2579.28,00:53:49,16.29
ID1443433275,0,9,3,-38.1109156,144.65417250000002,-37.821108,144.9781932,45067.0,2018-04-13,10:45:48,10843.74,13:46:31,21.74
ID3771868027,1,7,9,-37.8618349,144.90571599999998,-38.1109156,144.65417250000002,50797.0,2018-06-18,23:09:54,13173.36,02:49:27,78.92
ID1286855668,0,1,7,-37.800651,144.9685789,-37.8618349,144.90571599999998,9898.0,2018-03-16,01:55:02,3255.9,02:49:17,18.22
ID1637149062,0,6,7,-37.7874421,144.9804091,-37.8618349,144.90571599999998,11630.0,2018-01-20,20:38:26,3697.02,21:40:03,16.31
ID3632784250,1,4,7,-37.8025657,145.00503740000002,-37.8618349,144.90571599999998,12184.0,2018-05-12,08:28:36,3880.86,09:33:16,29.17
ID3848746849,1,3,1,-37.8162232,144.9949785,-37.814122600000005,144.9444126,5180.0,2018-03-17,13:48:29,1260.3,14:09:29,21.46
ID3508506687,1,9,8,-38.1109156,144.65417250000002,-37.8158343,145.04645,51032.0,2018-01-06,09:33:00,12681.06,13:04:21,70.92
ID1704618421,0,1,4,-37.8134705,144.9657344,-37.81220089999999,145.01597019999997,4773.0,2018-02-06,11:53:45,1123.62,12:12:28,6.64
ID1756522682,0,8,2,-37.8158343,145.04645,-37.816394700000004,144.9285102,11593.0,2018-04-09,13:22:37,3220.74,14:16:17,12.17
ID5580410932,2,7,8,-37.8618349,144.90571599999998,-37.8158343,145.04645,15151.0,2018-02-22,04:17:07,4911.6,05:38:58,479.18
ID3468096347,1,3,9,-37.8244833,144.97998930000003,-38.1109156,144.65417250000002,45200.0,2018-05-09,20:31:03,10909.8,23:32:52,63.27
ID1785981398,0,4,6,-37.800757700000005,145.0054439,-37.7907967,144.985865,2816.0,2018-07-24,12:15:15,839.52,12:29:14,9.47
ID1468943091,0,2,5,-37.8221449,144.9500525,-37.799282500000004,144.9367692,3191.0,2018-01-01,13:17:35,750.78,13:30:05,10.51
ID1134722512,0,2,6,-37.8263042,144.95178710000002,-37.7908183,144.9857929,5812.0,2018-03-18,02:34:52,1486.02,02:59:38,18.07
ID1351678516,0,2,8,-37.8177994,144.946442,-37.8158343,145.04645,9401.0,2018-03-08,01:26:59,2589.12,02:10:08,16.63
ID1871171633,0,3,7,-37.8097941,144.9931233,-37.8618349,144.90571599999998,10425.0,2018-06-02,03:40:07,3460.68,04:37:47,19.84
ID3915688519,1,3,9,-37.8224994,144.97939680000002,-38.1109156,144.65417250000002,45132.0,2018-03-14,01:03:20,10855.38,04:04:15,68.05
ID1774450497,0,8,9,-37.807202000000004,145.0266373,-38.1109156,144.65417250000002,49777.0,2018-07-07,20:30:23,12069.78,23:51:32,32.5
ID1125941315,0,7,2,-37.8618349,144.90571599999998,-37.8152689,144.9328059,11075.0,2018-04-01,10:10:30,3638.64,11:11:08,11.33
ID1912170528,0,2,7,-37.8255234,144.9482495,-37.8618349,144.90571599999998,8798.0,2018-04-04,00:09:41,2984.4,00:59:25,15.32
ID1322355088,0,1,5,-37.814810200000004,144.9572762,-37.8089572,144.9286705,3001.0,2018-01-06,02:06:06,750.9,02:18:36,14.61
ID1486094237,0,9,8,-38.1109156,144.65417250000002,-37.8158343,145.04645,51032.0,2018-03-12,12:21:58,12681.06,15:53:19,29.75
ID1980930737,0,9,3,-38.1109156,144.65417250000002,-37.8096666,144.9926783,46267.0,2018-06-18,22:12:49,11137.5,01:18:26,29.28
ID3753490595,1,5,4,-37.80538920000001,144.9255009,-37.8131367,145.014217,8437.0,2018-03-06,10:11:11,2127.72,10:46:38,15.99
ID3988309820,1,2,8,-37.818102200000006,144.94857290000002,-37.8158343,145.04645,9169.0,2018-03-20,11:11:49,2533.8,11:54:02,17.78
ID1444003953,0,3,2,-37.8174032,144.97039080000002,-37.8238298,144.94348169999998,2767.0,2018-05-14,16:15:43,800.52,16:29:03,8.84
ID1695376505,0,8,4,-37.807202000000004,145.0266373,-37.8052463,145.0043931,3183.0,2018-05-22,07:59:51,860.88,08:14:11,4.62
ID3986804671,1,8,4,-37.807202000000004,145.0266373,-37.802648100000006,145.0009241,2614.0,2018-06-28,16:29:13,705.0,16:40:58,12.37
ID3827427386,1,2,7,-37.812760600000004,144.9349737,-37.8618349,144.90571599999998,10697.0,2018-06-09,11:13:21,3465.0,12:11:06,25.47
ID3948774301,1,1,4,-37.807489600000004,144.9558837,-37.815785999999996,145.0094576,5465.0,2018-02-09,08:25:26,1339.26,08:47:45,12.12
ID3301735871,1,6,1,-37.7907967,144.985865,-37.8186212,144.9653171,4237.0,2018-03-06,08:14:07,1223.16,08:34:30,9.82
ID5261975348,2,4,7,-37.798913,145.0005299,-37.8618349,144.90571599999998,12108.0,2018-05-22,05:20:10,3962.58,06:26:12,392.64
ID1205680161,0,2,7,-37.8211244,144.94751019999998,-37.8618349,144.90571599999998,8970.0,2018-02-15,13:44:47,3046.44,14:35:33,13.26
ID1112067892,0,7,8,-37.8618349,144.90571599999998,-37.8158343,145.04645,15151.0,2018-07-14,06:16:33,4911.6,07:38:24,15.3
